q_sectors,topological_deficit_units,expected_C_ratio_vs_q6,measured_C_ratio_inner,measured_delta_A_over_R2_outer
4,2,0.6666666666666666,0.6666666666666666,1.140413
5,1,0.8333333333333334,0.8333333333333334,0.570206
6,0,1.0,1.0,0.0
7,-1,1.1666666666666667,1.1666666666666667,-0.570206
